{
	"class_name" : "PinholeCameraParameters",
	"extrinsic" : 
	[
		0.48507781895740543,
		-0.17377257254311795,
		0.85703127281755231,
		0.0,
		-0.78248937622044823,
		-0.52378883079962046,
		0.3366832886136476,
		0.0,
		0.39039708715314558,
		-0.83393546138853791,
		-0.39005353553201627,
		0.0,
		-23784.542540579965,
		-21865.501985377094,
		22978.164563332084,
		1.0
	],
	"intrinsic" : 
	{
		"height" : 600,
		"intrinsic_matrix" : 
		[
			519.6152422706632,
			0.0,
			0.0,
			0.0,
			519.6152422706632,
			0.0,
			449.5,
			299.5,
			1.0
		],
		"width" : 900
	},
	"version_major" : 1,
	"version_minor" : 0
}