{
	"class_name" : "PinholeCameraParameters",
	"extrinsic" : 
	[
		0.98693627319766564,
		0.067026980459986188,
		0.14650657506446355,
		0.0,
		-0.11491548879001165,
		-0.34449168537392777,
		0.93172952574466772,
		0.0,
		0.11292131367839896,
		-0.93639354045115419,
		-0.33228890188884919,
		0.0,
		7442.838197136175,
		-12212.129757278797,
		36982.049619941215,
		1.0
	],
	"intrinsic" : 
	{
		"height" : 1061,
		"intrinsic_matrix" : 
		[
			918.85295341528945,
			0.0,
			0.0,
			0.0,
			918.85295341528945,
			0.0,
			959.5,
			530.0,
			1.0
		],
		"width" : 1920
	},
	"version_major" : 1,
	"version_minor" : 0
}